"","Player","Team","True.Salary","Pred.Salary","Net.Salary","Estimate.SalaryCapp","True.Length","Estimate.LengthYears","Performance.Multiplier"
"1","Cam Thomas","BRK",2613962,33213987.5500941,30600025.5500941,23.63,4,3.57,12.7063773498215
"2","Ben Simmons","LAC",755846,7777506.21646494,7021660.21646494,5.53,5,2.17,10.2898027064573
"3","Jalen Johnson","ATL",3222146,31080193.4461266,27858047.4461266,22.11,4,4.49,9.64580544957511
"4","Trey Murphy","NOP",3694854,31441615.8209365,27746761.8209365,22.36,4,4.12,8.50956920650626
"5","Alperen Sengun","HOU",3887744,32124890.3658797,28237146.3658797,22.85,4,4.55,8.26311875624518
"6","Toumani Camara","POR",1909826,14511815.8092798,12601989.8092798,10.32,4,3.79,7.59850154374264
"7","Jalen Williams","OKC",5064229,35678683.2005139,30614454.2005139,25.38,4,4.54,7.04523496084278
"8","Santi Aldama","MEM",2560843,17986861.8598258,15426018.8598258,12.79,4,3.16,7.02380499695835
"9","Ty Jerome","CLE",2500000,16433666.938902,13933666.938902,11.69,2,2.35,6.5734667755608
"10","Franz Wagner","ORL",5695483,37021677.9668933,31326194.9668933,26.33,4,4.35,6.5001823316641
"11","Quentin Grimes","PHI",2782011,17968878.6630862,15186867.6630862,12.78,4,3.04,6.45895313249524
"12","Jaylen Wells","MEM",1973949,12204359.1592985,10230410.1592985,8.68,4,3.3,6.18271250133541
"13","Christian Braun","DEN",3442289,20961364.6852211,17519075.6852211,14.91,4,4.39,6.08936805864385
"14","Andrew Nembhard","IND",2145792,12787788.3673066,10641996.3673066,9.1,4,3.04,5.95947247790403
"15","Guerschon Yabusele","PHI",2087519,12046924.5071743,9959405.50717426,8.57,1,2.4,5.77092927402063
"16","Mark Williams","CHO",4500253,24776857.1716139,20276604.1716139,17.62,4,3.7,5.50565871999062
"17","Dru Smith","MIA",1961231,10627842.1230677,8666611.12306771,7.56,2,2.07,5.41896498835054
"18","Russell Westbrook","DEN",3386366,17656674.7485094,14270308.7485094,12.56,2,1.68,5.21404796425118
"19","Walker Kessler","UTA",3343105,17075263.7862121,13732158.7862121,12.15,4,4,5.10760618832256
"20","Sam Hauser","BOS",1886069,9261843.02010959,7375774.02010959,6.59,3,2.31,4.9106596949049
"21","Jaxson Hayes","LAL",2314473,11225074.7006055,8910601.7006055,7.98,2,2.57,4.84994843344705
"22","Jaylin Williams","OKC",2051850,9628844.78556042,7576994.78556042,6.85,4,2.62,4.69276252433678
"23","Tari Eason","HOU",4064312,18345963.4260857,14281651.4260857,13.05,4,3.51,4.51391611325256
"24","Jalen Duren","DET",4868736,21314562.2768645,16445826.2768645,15.16,4,4.01,4.37784309456592
"25","Gary Trent","MIL",2613120,11387783.6352433,8774663.63524326,8.1,1,2.69,4.35792601765065
"26","Nikola Jovic","MIA",2875384,12484368.9571923,9608984.95719226,8.88,4,3.41,4.34180928780026
"27","Keyonte George","UTA",4704221,20120462.5160176,15416241.5160176,14.31,4,3.76,4.27710826426259
"28","Trayce JacksonDavis","GSW",1909826,8126395.19588897,6216569.19588897,5.78,4,2.23,4.25504480297628
"29","Tyus Jones","PHO",3003427,11871111.650533,8867684.65053304,8.44,1,2.59,3.95252211907699
"30","Cade Cunningham","DET",11399772,44796730.3138322,33396958.3138322,31.86,4,4.63,3.92961633915417
"31","Alex Reese","OKC",1157153,4416925.28413986,3259772.28413986,3.14,1,1.92,3.81706246636344
"32","Scottie Barnes","TOR",8266165,30184824.3562633,21918659.3562633,21.47,4,4.1,3.65161164291583
"33","Keon Johnson","BRK",2256092,8121994.26122773,5865902.26122773,5.78,2,2.78,3.600027951532
"34","Malik Beasley","DET",6000000,21587385.4896487,15587385.4896487,15.36,1,2.7,3.59789758160811
"35","Karlo Matkovic","NOP",1802934,6482416.8113282,4679482.8113282,4.61,3,2.37,3.59548203723941
"36","Kyle Filipowski","UTA",3000000,10732983.6312666,7732983.63126661,7.63,4,2.78,3.5776612104222
"37","Josh Giddey","CHI",6803702,24333184.7806756,17529482.7806756,17.31,4,3.91,3.5764624583316
"38","Evan Mobley","CLE",9166044,32442320.1312302,23276276.1312302,23.08,4,4.33,3.53940261810114
"39","Mouhamed Gueye","ATL",1909826,6743446.36488081,4833620.36488081,4.8,4,2.19,3.53092185616952
"40","Tre Mann","CHO",3511803,12355709.9083481,8843906.90834814,8.79,4,2.8,3.51833799001486
"41","Vit Krejci","ATL",2546303,8925917.12058183,6379614.12058183,6.35,4,2.44,3.50544185848339
"42","Dyson Daniels","ATL",6264987,21867493.0175594,15602506.0175594,15.55,4,4.69,3.49042911303079
"43","Jared McCain","PHI",4862147,16921416.4309619,12059269.4309619,12.04,4,3.49,3.480235466135
"44","Taurean Prince","MIL",2988550,10323672.2985375,7335122.29853753,7.34,1,2.21,3.45440842500126
"45","Spencer Dinwiddie","DAL",3303771,10976647.1060236,7672876.10602358,7.81,1,2.09,3.32246003310265
"46","Victor Wembanyama","SAS",13793692,45811736.4110145,32018044.4110145,32.59,4,4.83,3.32120917380311
"47","Jalen Suggs","ORL",7488926,24643297.997751,17154371.997751,17.53,4,3.2,3.29063179389822
"48","Paolo Banchero","ORL",12539692,40827553.045014,28287861.045014,29.04,4,4.71,3.25586569789864
"49","Jalen Green","HOU",10202112,33198562.7660547,22996450.7660547,23.61,4,4.28,3.25408726801419
"50","Jaden Ivey","DET",8237771,26611635.8905054,18373864.8905054,18.93,4,3.59,3.23044132818276
"51","Shaedon Sharpe","POR",6835226,21489491.9404327,14654265.9404327,15.29,4,3.84,3.14393290586628
"52","Gradey Dick","TOR",5355638,16765889.2793858,11410251.2793858,11.93,4,3.52,3.13051204718949
"53","AJ Green","MIL",2108016,6506383.07240763,4398367.07240763,4.63,3,2.52,3.0864960571493
"54","Ryan Rollins","MIL",1585781,4861579.1108935,3275798.1108935,3.46,3,2.06,3.06573171887764
"55","Dante Exum","DAL",3075000,9395747.27947199,6320747.27947199,6.68,2,1.77,3.05552757056
"56","Julian Champagnie","SAS",3000000,9150450.47087051,6150450.47087051,6.51,4,2.69,3.05015015695684
"57","Brandin Podziemski","GSW",4059955,12221626.9056547,8161671.90565474,8.69,4,3.46,3.01028629766949
"58","Brice Sensabaugh","UTA",3144019,9406816.14464176,6262797.14464176,6.69,4,2.58,2.99197178663416
"59","Jalen McDaniels","WAS",4628900,13788089.2153898,9159189.21538979,9.81,2,1.04,2.97869671312618
"60","Dereck Lively","DAL",5570673,16520357.4986297,10949684.4986297,11.75,4,3.87,2.96559455179468
"61","Luke Kornet","BOS",2800834,8240990.70086164,5440156.70086164,5.86,1,1.96,2.94233456922532
"62","Jonathan Kuminga","GSW",6213837,17787084.0949398,11573247.0949398,12.65,4,3.21,2.86249608654681
"63","Isaiah Jackson","IND",3039165,8364388.51283572,5325223.51283572,5.95,4,2.39,2.7521995392931
"64","DayRon Sharpe","BRK",2579451,7093412.79628134,4513961.79628134,5.05,4,2.46,2.7499699727893
"65","Kevin Porter","MIL",2392183,6492377.59828692,4100194.59828692,4.62,2,2.22,2.7139970471686
"66","Peyton Watson","DEN",2816879,7537027.78929801,4720148.78929801,5.36,4,3.05,2.67566615012502
"67","Payton Pritchard","BOS",7500000,19994559.5374189,12494559.5374189,14.22,4,3.31,2.66594127165585
"68","Bennedict Mathurin","IND",7484043,19218410.5635721,11734367.5635721,13.67,4,3.62,2.56791824466697
"69","Amir Coffey","LAC",3666667,9377302.66565596,5710635.66565596,6.67,3,2.52,2.55744594904745
"70","Brandon Miller","CHO",12344607,31421203.7896715,19076596.7896715,22.35,4,3.89,2.54533852634365
"71","Coby White","CHI",12000000,30343900.65597,18343900.65597,21.58,3,3.71,2.5286583879975
"72","Trendon Watford","BRK",2726603,6857739.22055424,4131136.22055424,4.88,1,2.32,2.51512201099839
"73","Ochai Agbaji","TOR",4681591,11676096.6062402,6994505.60624018,8.31,4,3.02,2.49404456866057
"74","Moses Moody","GSW",4256027,10533024.9031001,6276997.90310011,7.49,4,2.81,2.47484917344277
"75","Gui Santos","GSW",1714339,4043301.45491786,2328962.45491786,2.88,3,2.15,2.35851920473014
"76","Ivica Zubac","LAC",10933333,25616918.0623939,14683585.0623939,18.22,3,3.93,2.34301086982295
"77","Austin Reaves","LAL",13456968,31430563.859975,17973595.859975,22.36,4,3.9,2.33563488149597
"78","Amen Thompson","HOU",10002122,22892063.1111176,12889941.1111176,16.28,4,4.89,2.28872064459098
"79","Jeremy Sochan","SAS",5761688,13056431.0659838,7294743.06598377,9.29,4,3.43,2.26607741793443
"80","Johnny Juzang","UTA",2856313,6418272.403919,3561959.403919,4.57,4,2.35,2.24704799646222
"81","Jake LaRavia","SAC",3690842,8194194.75975249,4503352.75975249,5.83,4,2.62,2.22014238478713
"82","Andre Jackson","MIL",1909826,4179901.60717222,2270075.60717222,2.97,4,2.03,2.18862954382871
"83","Chet Holmgren","OKC",11222312,24477626.0342169,13255314.0342169,17.41,4,3.75,2.18115714785125
"84","Jonathan Mogbo","TOR",2037971,4323342.84607395,2285371.84607395,3.08,3,2.37,2.12139566562721
"85","Nick Richards","PHO",5000000,10603730.1698408,5603730.16984079,7.54,3,2.24,2.12074603396816
"86","Ziaire Williams","BRK",4976981,10450762.1718504,5473781.17185044,7.43,4,2.85,2.09981958376985
"87","Ayo Dosunmu","CHI",7000000,14674685.2190469,7674685.21904689,10.44,3,3.27,2.09638360272098
"88","Nickeil AlexanderWalker","MIN",4500000,9186866.74621044,4686866.74621044,6.53,2,2.61,2.04152594360232
"89","Kelly Oubre","PHI",8182575,16616496.417879,8433921.41787899,11.82,2,2.99,2.0307172763927
"90","Neemias Queta","BOS",2393376,4836918.34786406,2443542.34786406,3.44,3,1.91,2.02096049591207
"91","Norman Powell","LAC",18000000,36293827.0069775,18293827.0069775,25.82,5,2.79,2.01632372260986
"92","Isaiah Collier","UTA",3225947,6398931.7105071,3172984.7105071,4.55,4,3,1.98358240557179
"93","Yves Missi","NOP",3913707,7755997.96616185,3842290.96616185,5.52,4,3.62,1.9817523299935
"94","Kelel Ware","MIA",5116518,10129295.1833684,5012777.18336842,7.2,4,3.2,1.97972433271385
"95","Dalano Banton","POR",2108338,4144604.7060175,2036266.7060175,2.95,2,1.86,1.96581606270792
"96","Alec Burks","MIA",3303771,6483445.30908782,3179674.30908782,4.61,1,1.4,1.96243786542343
"97","Zach Edey","MEM",6550644,12807659.6941087,6257015.69410872,9.11,4,2.86,1.95517565816563
"98","Cason Wallace","OKC",6022082,11760168.0405252,5738086.04052522,8.36,4,3.85,1.95284090129049
"99","PJ Dozier","MIN",2613120,5017255.24457695,2404135.24457695,3.57,1,1.09,1.92002481500159
"100","Kai Jones","DAL",3355304,6403378.73701029,3048074.73701029,4.55,4,1.82,1.90843474600522
"101","Oshae Brissett","PHI",2314473,4389772.31498806,2075299.31498806,3.12,2,2.29,1.8966617087294
"102","Thomas Bryant","IND",2800834,5310088.60246857,2509254.60246857,3.78,1,1.82,1.89589550914784
"103","Julian Strawther","DEN",3121183,5884280.29845453,2763097.29845453,4.19,4,2.68,1.88527244267784
"104","Miles McBride","NYK",4333333,8096311.19543363,3762978.19543363,5.76,3,2.9,1.86837965036004
"105","Deni Avdija","POR",13750000,25505227.3530763,11755227.3530763,18.14,4,3.51,1.85492562567828
"106","Kyshawn George","WAS",3584043,6592325.96359669,3008282.96359669,4.69,4,3.1,1.83935459580052
"107","Kris Dunn","LAC",5426400,9838398.75914416,4411998.75914416,7,3,2.05,1.81306183826186
"108","Shai GilgeousAlexander","OKC",35859950,63878960.0830604,28019010.0830604,45.44,5,5.48,1.78134548662395
"109","Jabari Walker","POR",1585781,2792168.05989873,1206387.05989873,1.99,3,2.03,1.76075262592926
"110","Adem Bona","PHI",1973949,3390778.36166058,1416829.36166058,2.41,4,2.17,1.71776391470123
"111","Naji Marshall","DAL",9000000,15410931.190723,6410931.19072303,10.96,3,2.72,1.71232568785811
"112","Bol Bol","PHO",2425403,4097939.30704067,1672536.30704067,2.91,1,1.83,1.68959109353813
"113","Bilal Coulibaly","WAS",7518783,12671419.3789715,5152636.37897146,9.01,4,3.97,1.68530191375007
"114","Javonte Green","CLE",2425403,4035061.64077032,1609658.64077032,2.87,1,1.59,1.66366646729237
"115","Jalen Brunson","NYK",26000000,42655388.5285973,16655388.5285973,30.34,4,3.97,1.64059186648451
"116","Jaden Hardy","DAL",1585781,2597357.26270644,1011576.26270644,1.85,3,2.06,1.63790413853265
"117","Ausar Thompson","DET",9061601,14739970.5884879,5678369.58848786,10.48,4,2.89,1.62664087598735
"118","Jamal Shead","TOR",2037971,3240544.62306452,1202573.62306452,2.3,3,2.31,1.59008377600296
"119","Derrick White","BOS",17500000,27662280.7096999,10162280.7096999,19.68,4,3.27,1.58070175483999
"120","Goga Bitadze","ORL",8333333,13124341.9732449,4791008.9732449,9.34,3,2.63,1.57492109978623
"121","Mo Bamba","NOP",2613120,4084296.46359167,1471176.46359167,2.91,1,1.7,1.56299613626304
"122","Aaron Wiggins","OKC",9000000,13898083.8222013,4898083.82220135,9.89,5,2.52,1.54423153580015
"123","Noah Clowney","BRK",3786569,5832927.9282516,2046358.9282516,4.15,4,2.94,1.54042562759363
"124","Eric Gordon","PHI",3386366,5120935.14821205,1734569.14821205,3.64,2,1.29,1.51222140436446
"125","Matisse Thybulle","POR",11025000,16669475.7839998,5644475.78399984,11.86,3,2.03,1.51197059265305
"126","Nick Smith","CHO",3162977,4750744.48367671,1587767.48367671,3.38,4,2.76,1.50198514996369
"127","Moritz Wagner","ORL",11000000,16382284.3213501,5382284.32135006,11.65,2,2.17,1.48929857466819
"128","Jabari Smith","HOU",10082608,15004134.105262,4921526.105262,10.67,4,4.14,1.48812034597219
"129","Jayson Tatum","BOS",32600060,48340102.2793816,15740042.2793816,34.38,5,4.55,1.48282249417276
"130","Marcus Sasser","DET",3366206,4972262.281121,1606056.281121,3.54,4,1.95,1.47711170413249
"131","Jaime Jaquez","MIA",4249285,6272979.91662162,2023694.91662162,4.46,4,2.51,1.47624363078062
"132","Orlando Robinson","TOR",2087519,3076253.36790998,988734.367909983,2.19,1,2.02,1.47364089520142
"133","Mason Plumlee","PHO",3303771,4846579.7393423,1542808.7393423,3.45,1,1.35,1.46698416426027
"134","Daniel Gafford","DAL",13394160,19556053.7130248,6161893.71302481,13.91,3,2.74,1.46004331089257
"135","Davion Mitchell","TOR",5237879,7641578.03186146,2403699.03186146,5.44,4,2.6,1.45890694150466
"136","Nikola Vucevic","CHI",20000000,28935253.3146835,8935253.31468349,20.58,3,2.38,1.44676266573417
"137","Jaren Jackson","MEM",26180000,37398319.2624587,11218319.2624587,26.6,4,3.45,1.4285072292765
"138","Dalton Knecht","LAL",4620805,6582794.68802078,1961989.68802078,4.68,4,2.48,1.42459910946703
"139","Jeremiah RobinsonEarl","NOP",1972150,2808246.1281839,836096.128183897,2,4,2.23,1.42395158998245
"140","Keegan Murray","SAC",9092773,12912048.220275,3819275.22027497,9.18,4,3.99,1.42003415462752
"141","Luke Kennard","MEM",9250000,13125835.3110358,3875835.3110358,9.34,1,2.29,1.41900922281468
"142","Cam Whitmore","HOU",3898828,5495403.56533722,1596575.56533722,3.91,4,2.58,1.40950141051034
"143","Collin Sexton","UTA",17737500,24988127.5691057,7250627.56910571,17.77,4,2.67,1.40877392919553
"144","Naz Reid","MIN",13986432,19591973.2372456,5605541.23724562,13.94,3,3.29,1.4007842198243
"145","Aaron Nesmith","IND",11000000,15336161.6045262,4336161.60452623,10.91,3,2.72,1.39419650950238
"146","Donte DiVincenzo","MIN",11717500,16297992.7046649,4580492.70466489,11.59,4,2.68,1.39091040790825
"147","Mike Conley","MIN",10375000,13880123.2953675,3505123.2953675,9.87,2,1.58,1.33784320919205
"148","Derrick Jones","LAC",10000000,13230389.8924148,3230389.89241475,9.41,3,2.46,1.32303898924148
"149","Cameron Payne","NYK",3003427,3956617.51980144,953190.519801438,2.81,1,1.51,1.31736763364032
"150","Buddy Hield","GSW",9439024,12394709.2383571,2955685.23835707,8.82,4,1.77,1.31313462476174
"151","Stephon Castle","SAS",10337925,13397602.4319256,3059677.43192558,9.53,4,3.23,1.29596630193444
"152","PJ Washington","DAL",15500000,20059332.7665785,4559332.76657853,14.27,3,3.19,1.29415050106958
"153","Haywood Highsmith","MIA",5408000,6945833.29773298,1537833.29773298,4.94,2,2.27,1.28436266600092
"154","Scoot Henderson","POR",11090901,14200137.0004191,3109236.00041912,10.1,4,3.58,1.28034115536863
"155","Chris Paul","SAS",10460000,13358408.8020012,2898408.80200118,9.5,1,1.58,1.27709453174007
"156","Cameron Johnson","BRK",23625000,30103816.7683936,6478816.76839363,21.41,4,3.27,1.2742356304082
"157","DaQuan Jeffries","CHO",2750033,3491695.24487557,741662.244875574,2.48,3,2.02,1.26969212546743
"158","Tyler Herro","MIA",30000000,37991015.5385259,7991015.53852595,27.02,4,4.2,1.26636718461753
"159","Malik Monk","SAC",19493827,24507646.4915481,5013819.49154815,17.43,4,3.31,1.25720036868841
"160","Dwight Powell","DAL",4000000,4987998.40204309,987998.402043095,3.55,3,1.13,1.24699960051077
"161","Jakob Poeltl","TOR",19500000,24110909.6800194,4610909.68001942,17.15,4,2.97,1.23645690666766
"162","Kyle Lowry","PHI",3303771,4070857.64020198,767086.640201981,2.9,1,1.13,1.23218517270173
"163","Jordan Clarkson","UTA",14189146,17180150.0120246,2991004.01202456,12.22,2,1.84,1.21079521008696
"164","Josh Minott","MIN",1736199,2100708.99965588,364509.999655883,1.49,4,1.61,1.20994713143821
"165","Alex Caruso","OKC",9245000,11168842.1463993,1923842.14639933,7.94,4,1.92,1.20809541875601
"166","Dennis Schroder","DET",12715125,15330344.3702933,2615219.37029334,10.9,2,2.17,1.20567783409863
"167","Bub Carrington","WAS",5322693,6390816.6202624,1068123.6202624,4.55,4,3.67,1.20067353504371
"168","RJ Barrett","TOR",26750000,32012352.1790264,5262352.17902638,22.77,4,3.57,1.19672344594491
"169","DeMar DeRozan","SAC",24630000,29392776.6062269,4762776.60622689,20.91,3,2.58,1.19337298441847
"170","Giannis Antetokounmpo","MIL",45640084,54416444.5302461,8776360.53024609,38.71,5,3.81,1.19229501265261
"171","John Collins","UTA",25000000,29716067.0691939,4716067.06919394,21.14,5,3.11,1.18864268276776
"172","Jarrett Allen","CLE",20000000,23744138.0700533,3744138.07005328,16.89,5,3.69,1.18720690350266
"173","Miles Bridges","CHO",25000000,29663158.0553491,4663158.05534907,21.1,3,3.36,1.18652632221396
"174","Luka Doncic","LAL",43031940,51001148.4634323,7969208.46343234,36.28,5,4.48,1.18519286984115
"175","Donovan Mitchell","CLE",32600060,38503038.4863952,5902978.48639525,27.39,5,3.16,1.18107262644287
"176","James Harden","LAC",35000000,41316896.3619741,6316896.36197411,29.39,2,2.54,1.18048275319926
"177","Nicolas Batum","LAC",4784700,5610483.52465511,825783.524655113,3.99,2,1.29,1.17258835969969
"178","Onyeka Okongwu","ATL",15495000,18147105.4362132,2652105.43621315,12.91,4,3.43,1.17115878904248
"179","Georges Niang","ATL",8500000,9940566.82080038,1440566.82080038,7.07,3,1.78,1.16947844950593
"180","Oso Ighodaro","PHO",1973949,2295725.5233507,321776.523350695,1.63,4,2.3,1.16301156886561
"181","Tristan Da Silva","ORL",4391907,5080158.70031075,688251.700310748,3.61,4,2.59,1.15670907883768
"182","Myles Turner","IND",20451750,23559676.2486018,3107926.24860182,16.76,2,2.86,1.15196382943278
"183","Al Horford","BOS",9750000,11102507.1474739,1352507.14747392,7.9,2,1.66,1.1387186817922
"184","Max Christie","DAL",8000000,9061802.17081145,1061802.17081145,6.45,4,3.48,1.13272527135143
"185","Jonas Valanciunas","SAC",10098333,11333665.8925535,1235332.89255345,8.06,3,1.71,1.12233037794985
"186","Nikola Jokic","DEN",55224526,61599907.8744024,6375381.8744024,43.82,5,5.38,1.11544475500618
"187","Anthony Black","ORL",8232459,9103687.01955798,871228.019557977,6.48,4,3.12,1.10582840674432
"188","Seth Curry","CHO",3303771,3646552.83398862,342781.83398862,2.59,1,1.16,1.103754719679
"189","Kristaps Porzingis","BOS",30000000,33027503.881212,3027503.88121196,23.49,2,3.08,1.1009167960404
"190","Anfernee Simons","POR",25000000,27336881.4627519,2336881.4627519,19.44,4,3.52,1.09347525851008
"191","Anthony Davis","DAL",37980720,41491539.0659479,3510819.06594787,29.51,5,3.46,1.09243687497098
"192","Josh Hart","NYK",20228820,21996527.4043906,1767707.40439065,15.65,4,4.05,1.08738559166529
"193","Sandro Mamukelashvili","SAS",2162606,2349159.55854077,186553.558540769,1.67,1,1.64,1.0862633131235
"194","Bobby Portis","MIL",12144552,13151600.3936532,1007048.39365323,9.35,4,2.37,1.08292182318897
"195","Ben Sheppard","IND",3255857,3523089.29744762,267232.297447619,2.51,4,2.48,1.08207740617835
"196","Dean Wade","CLE",6166667,6666808.35589268,500141.355892684,4.74,3,2.08,1.08110399927427
"197","DeAaron Fox","SAS",32600060,35011691.3527454,2411631.3527454,24.9,5,3.75,1.07397628571068
"198","Brandon Ingram","TOR",31650600,33252194.8123321,1601594.81233208,23.65,5,2.92,1.05060235231977
"199","Mikal Bridges","NYK",22725000,23724374.0504891,999374.050489105,16.88,4,3.73,1.04397685590711
"200","David Roddy","HOU",3246472,3374340.13101984,127868.131019841,2.4,4,1.86,1.03938679619594
"201","Royce ONeale","PHO",10500000,10845159.5326285,345159.532628482,7.71,4,2.05,1.03287233644081
"202","Christian Koloko","LAL",1746521,1801261.7898786,54740.7898786028,1.28,3,1.63,1.03134276076761
"203","Jamal Murray","DEN",31650600,32545572.5105948,894972.510594849,23.15,5,3.91,1.02827663648066
"204","Zion Williamson","NOP",39446090,40371872.6133549,925782.613354854,28.72,5,3.57,1.02346956601668
"205","Charles Bassey","SAS",2162606,2210218.7468229,47612.7468229048,1.57,1,1.75,1.02201637599401
"206","Torrey Craig","BOS",2686788,2740096.47837793,53308.4783779345,1.95,2,1.08,1.01984096935744
"207","Andre Drummond","PHI",5000000,5068885.92639508,68885.926395081,3.61,2,1.55,1.01377718527902
"208","Alex Sarr","WAS",12759100,12925724.8662585,166624.866258519,9.19,4,3.51,1.01305929620886
"209","Grant Williams","CHO",13335375,13477870.6410825,142495.641082492,9.59,4,3.07,1.01068553685836
"210","Gary Payton","GSW",8715000,8797545.09622496,82545.0962249581,6.26,3,1.41,1.00947161172977
"211","Klay Thompson","DAL",16666667,16822032.6519522,155365.651952155,11.97,3,1.75,1.00932193893069
"212","Julius Randle","MIN",29272320,29469119.32295,196799.322949987,20.96,4,2.84,1.00672305177553
"213","DeAndre Hunter","CLE",22500000,22619082.7013259,119082.701325882,16.09,4,2.86,1.00529256450337
"214","Donovan Clingan","POR",7771255,7756533.49610175,-14721.5038982499,5.52,4,2.84,0.998105646527073
"215","Kyrie Irving","DAL",40000000,39917633.9149585,-82366.0850415155,28.39,3,3.08,0.997940847873962
"216","Larry Nance","ATL",10790000,10663017.0707057,-126982.929294255,7.58,2,1.66,0.988231424532507
"217","Jordan Poole","WAS",32000000,31591428.035722,-408571.964277994,22.47,4,2.95,0.987232126116313
"218","LaMelo Ball","CHO",40770520,40242692.2079983,-527827.792001694,28.62,5,3.77,0.987053689970064
"219","Jaden Springer","UTA",2598371,2551784.040395,-46586.9596049963,1.82,4,1.62,0.982070705220696
"220","Damian Lillard","MIL",44066288,43134343.1291598,-931944.870840244,30.68,4,3.1,0.978851296237154
"221","Tyrese Maxey","PHI",40770520,39664586.3220131,-1105933.6779869,28.21,5,4.54,0.972874182669564
"222","Anthony Edwards","MIN",48924624,47101555.3403471,-1823068.65965285,33.5,5,4.91,0.962737196311353
"223","Andrew Wiggins","MIA",27250001,26196643.0098117,-1053357.99018835,18.63,4,2.68,0.961344662329064
"224","Isaiah Joe","OKC",12000000,11456808.4626212,-543191.537378838,8.15,4,2.55,0.954734038551764
"225","Daniel Theis","NOP",2800834,2670014.7894342,-130819.210565802,1.9,1,1.37,0.95329276545279
"226","Rui Hachimura","LAL",17000000,16061192.5191611,-938807.480838927,11.42,3,3.39,0.944776030538887
"227","Kevin Durant","PHO",48554830,45736912.1357183,-2817917.86428171,32.53,4,2.58,0.941964211093279
"228","DeAnthony Melton","GSW",12822000,12058839.419973,-763160.580026999,8.58,1,2.18,0.940480379033926
"229","Kenrich Williams","OKC",6792500,6359269.70599258,-433230.294007423,4.52,4,1.59,0.936219316303655
"230","Trae Young","ATL",43031940,40273748.0054077,-2758191.99459226,28.65,5,3.75,0.935903610327764
"231","Jericho Sims","MIL",1886069,1758294.08795558,-127774.912044417,1.25,3,1.63,0.932253320507141
"232","Ja Morant","MEM",39446090,36444336.6945592,-3001753.30544076,25.92,5,3.32,0.923902386638555
"233","Tre Jones","CHI",9500000,8674848.42974657,-825151.57025343,6.17,2,2.39,0.913141939973323
"234","Cam Reddish","LAL",2314473,2095878.49000477,-218594.509995231,1.49,2,2.02,0.90555322529352
"235","Ryan Dunn","PHO",3249588,2930702.04536353,-318885.954636468,2.08,4,2.28,0.9018688047111
"236","Zaccharie Risacher","ATL",14256859,12744133.4089807,-1512725.5910193,9.06,4,3.27,0.893894890100316
"237","DeAndre Jordan","DEN",3303771,2943550.57667876,-360220.423321245,2.09,1,0.99,0.890966891070463
"238","JaKobe Walter","TOR",4196283,3714165.81868153,-482117.18131847,2.64,4,2.75,0.885108515960799
"239","Aaron Gordon","DEN",21660000,19120447.5406423,-2539552.45935769,13.6,4,2.6,0.882753810740642
"240","Cory Joseph","ORL",3386366,2985560.5226846,-400805.477315403,2.12,2,1.09,0.881641418170569
"241","Zach LaVine","SAC",43031940,37757616.3143531,-5274323.68564694,26.86,5,3.16,0.877432351745077
"242","Darius Garland","CLE",39446090,34539080.3782546,-4907009.62174537,24.57,5,3.71,0.875602128835954
"243","Max Strus","CLE",15574260,13561462.782484,-2012797.21751596,9.65,4,2.46,0.870761293472951
"244","Kelly Olynyk","NOP",13125000,11418762.9401265,-1706237.05987351,8.12,2,1.53,0.870000985914399
"245","TJ McConnell","IND",8400000,7301049.51065215,-1098950.48934785,5.19,4,1.54,0.869172560791922
"246","Dillon Brooks","HOU",21500000,18538950.5656779,-2961049.4343221,13.19,4,2.86,0.862276770496646
"247","LeBron James","LAL",50677999,43603591.2645199,-7074407.73548011,31.02,2,2.13,0.860404754033795
"248","Josh Okogie","CHO",8000000,6878025.00423778,-1121974.99576222,4.89,2,1.9,0.859753125529722
"249","Robert Williams","POR",12000000,10304422.665079,-1695577.334921,7.33,4,2.01,0.858701888756583
"250","Caris LeVert","ATL",16000000,13692326.6929648,-2307673.30703522,9.74,2,2.25,0.855770418310299
"251","Colby Jones","WAS",2192070,1873868.79199639,-318201.208003612,1.33,4,1.8,0.854839850915522
"252","Aaron Holiday","HOU",4784700,4087308.22095574,-697391.779044258,2.91,2,1.53,0.854245453415207
"253","CJ McCollum","NOP",32000000,27072393.5394117,-4927606.46058827,19.26,2,2.21,0.846012298106617
"254","Julian Phillips","CHI",2029935,1713485.6779156,-316449.322084401,1.22,4,2.17,0.844108642846002
"255","Drew Eubanks","LAC",4875000,4109205.47484206,-765794.525157941,2.92,2,1.61,0.842913943557345
"256","Paul Reed","DET",7851717,6597415.13065085,-1254301.86934915,4.69,3,1.68,0.840251263596338
"257","Jordan Hawkins","NOP",5149764,4326972.59595078,-822791.404049223,3.08,4,2.68,0.840227357205258
"258","Alex Len","LAL",3303771,2770442.45244489,-533328.547555113,1.97,1,1.11,0.838569759358287
"259","Luguentz Dort","OKC",16500000,13802717.9201423,-2697282.07985765,9.82,5,3.31,0.836528358796506
"260","Dejounte Murray","NOP",28559551,23646608.9085638,-4912942.09143623,16.82,4,2.68,0.827975513640385
"261","Herb Jones","NOP",13456968,11129729.4061869,-2327238.59381315,7.92,4,3.01,0.827060702394986
"262","Desmond Bane","MEM",39446090,32430728.3186007,-7015361.68139928,23.07,5,3.61,0.822153179658636
"263","Stephen Curry","GSW",53838416,43893136.282507,-9945279.71749296,31.22,4,2.26,0.815275402651279
"264","Matas Buzelis","CHI",5987681,4880799.51233121,-1106881.48766879,3.47,4,2.55,0.81514020408422
"265","Brandon Clarke","MEM",12500000,10093134.5330529,-2406865.46694709,7.18,4,2.03,0.807450762644233
"266","Cody Martin","PHO",7840000,6321181.39324365,-1518818.60675635,4.5,4,2.1,0.806273136893323
"267","Immanuel Quickley","TOR",32500000,26057573.9539278,-6442426.04607224,18.53,5,3.2,0.8017715062747
"268","Bam Adebayo","MIA",32600060,25891916.6293758,-6708143.37062416,18.42,5,3.67,0.794229109681879
"269","Caleb Houstan","ORL",2051850,1608070.20120134,-443779.798798659,1.14,4,1.96,0.783717231377216
"270","DAngelo Russell","BRK",18000000,14076540.93173,-3923459.06827004,10.01,2,2.33,0.782030051762776
"271","Harrison Barnes","SAS",18000000,14066707.4567953,-3933292.54320467,10.01,3,2.07,0.781483747599741
"272","Obi Toppin","IND",14500000,11315686.9313134,-3184313.06868657,8.05,4,2.27,0.780392202159547
"273","Shake Milton","LAL",3054135,2367747.76975089,-686387.230249108,1.68,3,1.65,0.77525969538049
"274","Bruno Fernando","TOR",2425403,1865102.52301517,-560300.476984826,1.33,1,1.44,0.768986647998363
"275","John Konchar","MEM",6165000,4732373.0371828,-1432626.9628172,3.37,3,1.55,0.767619308545466
"276","Chris Boucher","TOR",11750000,8975436.69431295,-2774563.30568705,6.38,3,1.55,0.763866952707485
"277","KarlAnthony Towns","NYK",55110496,42081657.5965487,-13028838.4034513,29.93,4,3.82,0.763586987069555
"278","Wendell Carter","ORL",12500000,9527304.40561277,-2972695.59438723,6.78,4,2.85,0.762184352449021
"279","Brook Lopez","MIL",24000000,18166685.5974789,-5833314.40252115,12.92,2,2.17,0.756945233228285
"280","Devin Vassell","SAS",27000000,20421780.6148354,-6578219.38516457,14.53,5,3.36,0.756362244993905
"281","Domantas Sabonis","SAC",46504000,35074813.925615,-11429186.074385,24.95,4,4.13,0.754232193480453
"282","Terry Taylor","SAC",2108338,1537291.54523001,-571046.454769987,1.09,2,1.19,0.729148526104454
"283","Caleb Martin","DAL",8760176,6368193.80893319,-2391982.19106681,4.53,4,2.32,0.726948158225725
"284","Michael Porter","DEN",35859950,25508937.7013416,-10351012.2986584,18.14,5,3.69,0.711348947818991
"285","Tobias Harris","DET",26000000,18293966.1053142,-7706033.89468578,13.01,2,2.48,0.703614080973624
"286","Joel Embiid","PHI",53320232,37261320.1598297,-16058911.8401703,26.5,4,2.67,0.698821418478255
"287","Devin Booker","PHO",55110496,38162760.0037856,-16947735.9962144,27.15,4,3.8,0.692477164491235
"288","Isaiah Hartenstein","OKC",29000000,19874119.8938354,-9125880.1061646,14.14,3,3.45,0.685314479097772
"289","Baylor Scheierman","BOS",3202588,2191457.05776045,-1011130.94223955,1.56,4,1.74,0.684276921589804
"290","Cole Anthony","ORL",13033333,8860731.27283877,-4172601.72716123,6.3,3,2.23,0.679851521697387
"291","Richaun Holmes","WAS",12964529,8773323.49006059,-4191205.50993941,6.24,2,1.68,0.676717487388905
"292","Jaden McDaniels","MIN",26200000,17717723.9685199,-8482276.03148009,12.6,5,3.88,0.676249006432058
"293","Jalen Smith","CHI",9000000,5965536.25879434,-3034463.74120566,4.24,3,2.11,0.66283736208826
"294","Jarace Walker","IND",6891526,4535808.18051366,-2355717.81948634,3.23,4,2.25,0.658171815721751
"295","Duncan Robinson","MIA",18000000,11828601.5169498,-6171398.48305022,8.41,5,1.97,0.657144528719432
"296","Tyrese Haliburton","IND",48924624,31540542.4819162,-17384081.5180838,22.43,5,4.87,0.644676236692513
"297","Pascal Siakam","IND",47237568,30309117.227962,-16928450.772038,21.56,4,3.08,0.641631618883555
"298","Kawhi Leonard","LAC",49835267,31735301.3915607,-18099965.6084393,22.57,3,2.4,0.636804080763943
"299","Draymond Green","GSW",25000000,15902760.3561667,-9097239.6438333,11.31,4,1.98,0.636110414246668
"300","Kyle Anderson","MIA",9219512,5824733.12403523,-3394778.87596477,4.14,3,1.48,0.631783235819339
"301","Precious Achiuwa","NYK",6000000,3786008.10286191,-2213991.89713809,2.69,1,2.31,0.631001350476984
"302","Dorian FinneySmith","LAL",13890240,8744736.91246192,-5145503.08753808,6.22,4,2.23,0.629559814118541
"303","Tim Hardaway","DET",18750000,11757653.9077698,-6992346.09223019,8.36,4,2.04,0.627074875081057
"304","Terance Mann","ATL",11000000,6877999.51745543,-4122000.48254457,4.89,2,2.04,0.625272683405039
"305","Kyle Kuzma","MIL",22500000,13962092.467435,-8537907.53256503,9.93,4,2.21,0.62053744299711
"306","Grayson Allen","PHO",17500000,10728933.9991486,-6771066.00085142,7.63,4,2.2,0.61308194280849
"307","Bogdan Bogdanovic","LAC",17000000,10358762.9379903,-6641237.0620097,7.37,4,1.88,0.609338996352371
"308","Lauri Markkanen","UTA",42176400,25466749.3627158,-16709650.6372842,18.11,4,2.98,0.603815151665761
"309","Bobi Klintman","DET",1998949,1198840.57949421,-800108.42050579,0.85,4,1.51,0.599735450726462
"310","Jeff Green","HOU",8000000,4790722.54966492,-3209277.45033508,3.41,2,0.95,0.598840318708115
"311","Jaylen Brown","BOS",57078728,33093491.7640677,-23985236.2359323,23.54,5,3.46,0.579786777379968
"312","OG Anunoby","NYK",42500000,24401423.4054526,-18098576.5945474,17.36,5,3.83,0.574151138951825
"313","Deandre Ayton","POR",33232282,18620491.7370692,-14611790.2629308,13.24,4,3.21,0.560313364489059
"314","KJ Martin","PHI",8000000,4455374.78043995,-3544625.21956005,3.17,2,2.42,0.556921847554994
"315","Kevin Huerter","CHI",16250000,9036339.58216515,-7213660.41783485,6.43,4,2.35,0.556082435825548
"316","Jimmy Butler","GSW",48798677,26590030.9270295,-22208646.0729705,18.91,3,2.53,0.544892455322703
"317","Jerami Grant","POR",32000000,17379265.7896509,-14620734.2103491,12.36,5,2.56,0.543102055926589
"318","Isaac Okoro","CLE",11000000,5962929.82789033,-5037070.17210967,4.24,3,2.3,0.542084529808212
"319","Malcolm Brogdon","WAS",22500000,12101067.9329365,-10398932.0670635,8.61,2,1.75,0.537825241463846
"320","Kevon Looney","GSW",7500000,4018929.63158464,-3481070.36841536,2.86,3,1.75,0.535857284211286
"321","Nicolas Claxton","BRK",24250000,12860364.6805819,-11389635.3194181,9.15,4,2.98,0.530324316725028
"322","Jusuf Nurkic","CHO",17500000,9246891.73626529,-8253108.26373471,6.58,4,1.74,0.528393813500874
"323","Keldon Johnson","SAS",18500000,9773455.91522861,-8726544.08477139,6.95,4,2.66,0.528294914336682
"324","Josh Green","CHO",13666667,6990392.17563548,-6676274.82436452,4.97,3,2.86,0.511492097936935
"325","Isaiah Stewart","DET",15000000,7671405.97300128,-7328594.02699872,5.46,4,2.68,0.511427064866752
"326","Fred VanVleet","HOU",42846615,21771524.202067,-21075090.797933,15.49,3,3.3,0.508127052792081
"327","Dalen Terry","CHI",3862940,1961807.87785231,-1901132.12214769,1.4,4,2.01,0.507853572111476
"328","Lonzo Ball","CHI",20000000,9990794.83322469,-10009205.1667753,7.11,4,2.19,0.499539741661234
"329","Khris Middleton","WAS",31000000,15421714.544483,-15578285.455517,10.97,3,1.73,0.497474662725259
"330","Marcus Smart","WAS",19121999,9371089.66168818,-9750909.33831182,6.67,4,1.76,0.490068515414533
"331","Kentavious CaldwellPope","ORL",22000000,10110390.3180557,-11889609.6819443,7.19,3,2.33,0.459563196275257
"332","Trey Lyles","SAC",8000000,3667945.73459272,-4332054.26540728,2.61,2,1.76,0.45849321682409
"333","Bradley Beal","PHO",50203930,22421147.8361492,-27782782.1638508,15.95,5,2.56,0.446601448056939
"334","JaeSean Tate","HOU",6876811,3069735.26803945,-3807075.73196055,2.18,3,1.38,0.446389361004606
"335","Jrue Holiday","BOS",33600000,14980582.5996621,-18619417.4003379,10.66,4,2.24,0.44585067260899
"336","Mitchell Robinson","NYK",15000000,6499470.71510191,-8500529.28489809,4.62,4,2.07,0.433298047673461
"337","Paul George","PHI",52896235,22868800.0695873,-30027434.9304127,16.27,4,2.09,0.432333228812738
"338","Wendell Moore","DET",2959891,1273668.62215325,-1686222.37784675,0.91,4,1.99,0.430309299279349
"339","Rudy Gobert","MIN",41000000,17538454.2675055,-23461545.7324945,12.48,5,3,0.427767177256231
"340","Ousmane Dieng","OKC",5266551,2210211.8821212,-3056339.1178788,1.57,4,2.03,0.419669700743655
"341","Ron Holland","DET",9365846,3868812.46422504,-5497033.53577496,2.75,4,2.57,0.413076668591929
"342","Taj Gibson","CHO",3303771,1350044.78043408,-1953726.21956592,0.96,1,0.8,0.408637517683301
"343","Clint Capela","ATL",22940640,9353396.69657098,-13587243.303429,6.65,2,1.95,0.407721698111778
"344","Jarred Vanderbilt","LAL",12000000,4619777.3918187,-7380222.6081813,3.29,4,2.06,0.384981449318225
"345","Patrick Williams","CHI",18000000,6841233.74950863,-11158766.2504914,4.87,5,2.71,0.380068541639368
"346","Zach Collins","CHI",17410848,6470990.56518008,-10939857.4348199,4.6,2,1.76,0.37166429602855
"347","Simone Fontecchio","DET",8000000,2768180.12611257,-5231819.87388743,1.97,2,1.65,0.346022515764071
"348","Taylor Hendricks","UTA",6337895,2078066.3963525,-4259828.6036475,1.48,4,2.93,0.327879587205611
"349","Terry Rozier","MIA",24064674,7585220.39640654,-16479453.6035935,5.4,4,2.07,0.315201460714013
"350","Zeke Nnaji","DEN",8000000,2407750.50338419,-5592249.49661581,1.71,4,1.73,0.300968812923024
"351","Jordan Walsh","BOS",1909826,507492.664628441,-1402333.33537156,0.36,4,1.88,0.265727173380424
"352","Gary Harris","ORL",7500000,1870887.13272735,-5629112.86727265,1.33,2,1.45,0.24945161769698
"353","Jock Landale","HOU",8000000,1994685.32946155,-6005314.67053845,1.42,4,1.38,0.249335666182693
"354","Gabe Vincent","LAL",11000000,2667858.05836834,-8332141.94163166,1.9,3,1.93,0.242532550760758
"355","Terrence Shannon","MIN",3269130,735174.99768753,-2533955.00231247,0.52,4,1.71,0.224883989834461
"356","PJ Tucker","NYK",11014500,2393580.19223575,-8620919.80776425,1.7,3,0.57,0.217311742905784
"357","Jonathan Isaac","ORL",17400000,3573702.50248688,-13826297.4975131,2.54,4,1.82,0.205385201292349
"358","Bruce Brown","NOP",22500000,4511393.83302841,-17988606.1669716,3.21,2,2.01,0.200506392579041
"359","Patty Mills","LAC",3303771,652451.236266623,-2651319.76373338,0.46,1,0.92,0.197486822260569
"360","Steven Adams","HOU",12600000,2160103.35309976,-10439896.6469002,1.54,2,1.35,0.171436774055536
"361","Pat Connaughton","MIL",9423869,1418393.83171598,-8005475.16828402,1.01,3,1.26,0.150510775533486
"362","Garrett Temple","TOR",3303771,486252.221442257,-2817518.77855774,0.35,1,0.73,0.147180970304012
"363","Delon Wright","MIL",3003427,359130.049576602,-2644296.9504234,0.26,1,1.22,0.119573423817726
"364","Vasilije Micic","PHO",7851717,937065.456941871,-6914651.54305813,0.67,3,1.41,0.119345291856784
"365","Landry Shamet","NYK",10625000,1014643.23079105,-9610356.76920895,0.72,4,1.58,0.0954958334862166
"366","Maxwell Lewis","BRK",1909826,174403.084342236,-1735422.91565776,0.12,4,1.79,0.0913188344604359
"367","Johnny Furphy","IND",2147371,176274.084755301,-1971096.9152447,0.13,4,1.78,0.082088323235855
"368","Jalen HoodSchifino","PHI",4470702,349307.216570182,-4121394.78342982,0.25,4,2.54,0.078132520702606
"369","Jalen Pickett","DEN",2056971,153687.000374519,-1903283.99962548,0.11,4,1.67,0.0747152003477538
"370","Tidjane Salaun","CHO",8508868,532104.598669149,-7976763.40133085,0.38,4,2.76,0.0625352983110267
"371","Reed Sheppard","HOU",11463256,663973.02505699,-10799282.974943,0.47,4,2.12,0.0579218526618432
"372","Kris Murray","POR",3571131,202368.50422071,-3368762.49577929,0.14,4,1.84,0.056667902751456
"373","Kevin Love","MIA",4000000,199455.550644954,-3800544.44935505,0.14,2,0.93,0.0498638876612385
"374","Pelle Larsson","MIA",1802934,0,-1802934,-0.02,3,1.88,0
"375","Jordan McLaughlin","SAS",2425403,0,-2425403,-0.02,1,1.17,0
"376","Maxi Kleber","LAL",11000000,0,-1.1e+07,-0.03,3,1.38,0
"377","Jaylon Tyson","CLE",4029675,0,-4029675,-0.08,4,1.76,0
"378","Monte Morris","PHO",2800834,0,-2800834,-0.13,1,1.39,0
"379","AJ Johnson","WAS",3654072,0,-3654072,-0.14,4,2.39,0
"380","Talen HortonTucker","CHI",2425403,0,-2425403,-0.22,1,1.72,0
"381","Tristan Thompson","CLE",3303771,0,-3303771,-0.48,1,0.95,0
"382","Blake Wesley","SAS",3060182,0,-3060182,-0.48,4,1.88,0
"383","Dario Saric","DEN",5297200,0,-5297200,-0.55,2,1.28,0
"384","JT Thor","WAS",1659553,0,-1659553,-0.61,4,1.74,0
"385","Antonio Reeves","NOP",1802934,0,-1802934,-0.61,3,1.64,0
"386","OlivierMaxence Prosper","DAL",3467646,0,-3467646,-0.63,4,1.92,0
"387","Kobe Brown","LAC",3098545,0,-3098545,-0.63,4,1.4,0
"388","EJ Liddell","CHI",2074683,0,-2074683,-0.64,3,1.38,0
"389","Anthony Gill","WAS",2392183,0,-2392183,-0.72,2,0.97,0
"390","Devin Carter","SAC",5535424,0,-5535424,-0.82,4,1.82,0
"391","Kobe Bufkin","ATL",4950301,0,-4950301,-0.9,4,1.95,0
"392","Dillon Jones","OKC",3365182,0,-3365182,-0.92,4,1.68,0
"393","Johnny Davis","WAS",5474627,0,-5474627,-0.93,4,1.61,0
"394","Reggie Jackson","PHI",3303771,0,-3303771,-0.98,1,1.07,0
"395","Doug McDermott","SAC",3303771,0,-3303771,-0.98,1,0.97,0
"396","Joe Ingles","MIN",3303771,0,-3303771,-1.25,1,0.73,0
"397","Rob Dillingham","MIN",7122894,0,-7122894,-1.32,4,2.03,0
"398","Tyler Kolek","NYK",2265671,0,-2265671,-1.35,4,1.54,0
"399","Cody Williams","UTA",6224273,0,-6224273,-1.42,4,2.55,0
"400","Josh Richardson","MIA",2971310,0,-2971310,-1.45,2,1.39,0
"401","Dariq Whitehead","BRK",3677438,0,-3677438,-1.56,4,1.82,0
"402","Jett Howard","ORL",5793195,0,-5793195,-1.69,4,1.91,0
"403","Vlatko Cancar","DEN",2425403,0,-2425403,-1.77,1,1.32,0
"404","Xavier Tillman","BOS",2392183,0,-2392183,-1.8,2,1.31,0
"405","Jevon Carter","CHI",6500000,0,-6500000,-2,3,1.19,0
"406","Hunter Tyson","DEN",1909826,0,-1909826,-2.01,4,1.47,0
"407","Rayan Rupert","POR",1744366,0,-1744366,-2.2,3,1.78,0
"408","Patrick Baldwin","WAS",3498319,0,-3498319,-2.21,4,1.48,0
"409","Pacome Dadiet","NYK",3253242,0,-3253242,-2.29,4,1.77,0
"410","Chris Duarte","CHI",4426132,0,-4426132,-2.3,4,1.23,0
"411","Chris Livingston","MIL",1909826,0,-1909826,-2.62,4,1.55,0
"412","Malaki Branham","SAS",3544358,0,-3544358,-2.84,4,1.74,0
"413","Marvin Bagley","MEM",12500000,0,-12500000,-2.92,3,1.48,0
"414","Sidy Cissoko","POR",1744366,0,-1744366,-3.57,3,1.53,0
"415","Tyler Smith","MIL",1973949,0,-1973949,-4.2,4,1.62,0
"416","James Johnson","IND",3303771,0,-3303771,-4.22,1,0.63,0
"417","TyTy Washington","PHO",2837415,0,-2837415,-5.36,4,1.55,0
"418","Bronny James","LAL",1973949,0,-1973949,-5.67,4,1.65,0
"419","Luka Garza","MIN",2256092,0,-2256092,-5.85,2,1.33,0
"420","MarJon Beauchamp","NYK",3152399,0,-3152399,-6.42,4,1.34,0
"421","Damion Lee","PHO",2800834,0,-2800834,-7.89,1,0.94,0
"422","Josh Christopher","MIA",2865804,0,-2865804,-8.47,4,1.3,0
"423","Leonard Miller","MIN",2079935,0,-2079935,-9.36,4,1.48,0
"424","James Wiseman","IND",2392183,0,-2392183,-13.39,2,1.42,0
